id,user_id,business_unit_id,type,name,created_at,updated_at
fb029e64-dff0-4b90-928e-1aff74163263,a3b12ed2-9440-40d9-9293-3c20e778dd74,b1acfd71-5320-4cc8-9aae-45664bcdb96e,saida,Material de Escritório,2025-10-14 01:04:01.317607+00,2025-10-14 01:04:01.317607+00
e233f85f-68a6-4547-8565-aeb3d7ad1d62,a3b12ed2-9440-40d9-9293-3c20e778dd74,b1acfd71-5320-4cc8-9aae-45664bcdb96e,saida,Software,2025-10-14 01:04:01.317607+00,2025-10-14 01:04:01.317607+00
588726ec-c51a-46a0-8c51-3765f125ccb4,a3b12ed2-9440-40d9-9293-3c20e778dd74,b1acfd71-5320-4cc8-9aae-45664bcdb96e,saida,AI,2025-10-14 01:04:01.317607+00,2025-10-14 01:04:01.317607+00
cefb0a45-b3b6-461b-84b7-3341a588632b,a3b12ed2-9440-40d9-9293-3c20e778dd74,b1acfd71-5320-4cc8-9aae-45664bcdb96e,saida,Impostos,2025-10-14 01:04:01.317607+00,2025-10-14 01:04:01.317607+00
69f25825-9a5c-4231-a2e4-28f302fdd0cc,a3b12ed2-9440-40d9-9293-3c20e778dd74,aa3b9d18-94aa-436f-b437-73af0d14aff9,saida,Academia,2025-10-14 01:04:58.748694+00,2025-10-14 01:04:58.748694+00
fa9b8198-e5ff-40b7-9ff8-149b942bbd10,a3b12ed2-9440-40d9-9293-3c20e778dd74,aa3b9d18-94aa-436f-b437-73af0d14aff9,saida,Equipamentos,2025-10-14 01:04:58.748694+00,2025-10-14 01:04:58.748694+00
b49a7f50-d2a9-422d-bfa5-77d1ac9067b4,a3b12ed2-9440-40d9-9293-3c20e778dd74,aa3b9d18-94aa-436f-b437-73af0d14aff9,saida,Roupas Esportivas,2025-10-14 01:04:58.748694+00,2025-10-14 01:04:58.748694+00
3775fff8-b365-4969-a501-1afd6c98d28d,a3b12ed2-9440-40d9-9293-3c20e778dd74,aa3b9d18-94aa-436f-b437-73af0d14aff9,saida,Suplementos,2025-10-14 01:04:58.748694+00,2025-10-14 01:04:58.748694+00
aabc705d-73f6-4209-84cb-ad6ff3827ff9,a3b12ed2-9440-40d9-9293-3c20e778dd74,aa3b9d18-94aa-436f-b437-73af0d14aff9,saida,Competições,2025-10-14 01:04:58.748694+00,2025-10-14 01:04:58.748694+00
9f8e030f-e47f-408d-bed2-053718d67ab6,a3b12ed2-9440-40d9-9293-3c20e778dd74,7869eb2b-eb82-438e-b28b-1db1540bd948,saida,Supermercado,2025-10-14 01:05:10.950905+00,2025-10-14 01:05:10.950905+00
2292b7f7-a942-44c3-b747-7b36d084c990,a3b12ed2-9440-40d9-9293-3c20e778dd74,7869eb2b-eb82-438e-b28b-1db1540bd948,saida,Restaurante,2025-10-14 01:05:10.950905+00,2025-10-14 01:05:10.950905+00
6b8f8b2e-9c93-471b-ad50-a8196da2caa0,a3b12ed2-9440-40d9-9293-3c20e778dd74,7869eb2b-eb82-438e-b28b-1db1540bd948,saida,Delivery,2025-10-14 01:05:10.950905+00,2025-10-14 01:05:10.950905+00
83faec81-0a09-479c-87a9-4fe7477f73cc,a3b12ed2-9440-40d9-9293-3c20e778dd74,7869eb2b-eb82-438e-b28b-1db1540bd948,saida,Padaria,2025-10-14 01:05:10.950905+00,2025-10-14 01:05:10.950905+00
2da866fa-7cc8-48cb-b4b4-b855e7f40fbe,a3b12ed2-9440-40d9-9293-3c20e778dd74,7869eb2b-eb82-438e-b28b-1db1540bd948,saida,Feira,2025-10-14 01:05:10.950905+00,2025-10-14 01:05:10.950905+00
30f3e34a-04c3-45b2-a8a6-2d2fc6525342,a3b12ed2-9440-40d9-9293-3c20e778dd74,7869eb2b-eb82-438e-b28b-1db1540bd948,saida,Açougue,2025-10-14 01:05:10.950905+00,2025-10-14 01:05:10.950905+00
35ba8113-90dc-43ce-9d69-405e9362a5ea,a3b12ed2-9440-40d9-9293-3c20e778dd74,7869eb2b-eb82-438e-b28b-1db1540bd948,saida,Bebidas,2025-10-14 01:05:10.950905+00,2025-10-14 01:05:10.950905+00
e17eb37c-f472-4bbf-851c-f7d6b63e6335,a3b12ed2-9440-40d9-9293-3c20e778dd74,42f47fc8-1503-4707-9b73-642aefe4cc6b,saida,Combustível,2025-10-14 01:05:27.788028+00,2025-10-14 01:05:27.788028+00
0049629d-1472-4d36-8c1b-f9954765534f,a3b12ed2-9440-40d9-9293-3c20e778dd74,42f47fc8-1503-4707-9b73-642aefe4cc6b,saida,Manutenção,2025-10-14 01:05:27.788028+00,2025-10-14 01:05:27.788028+00
46d99d4f-af54-4c60-8c8a-ca324acbb639,a3b12ed2-9440-40d9-9293-3c20e778dd74,42f47fc8-1503-4707-9b73-642aefe4cc6b,saida,Seguro,2025-10-14 01:05:27.788028+00,2025-10-14 01:05:27.788028+00
d96abbc4-0cc0-4f43-9f63-c1908e597a55,a3b12ed2-9440-40d9-9293-3c20e778dd74,42f47fc8-1503-4707-9b73-642aefe4cc6b,saida,IPVA,2025-10-14 01:05:27.788028+00,2025-10-14 01:05:27.788028+00
c575e8e6-ca37-421a-b344-33f8f9bed58f,a3b12ed2-9440-40d9-9293-3c20e778dd74,42f47fc8-1503-4707-9b73-642aefe4cc6b,saida,Estacionamento,2025-10-14 01:05:27.788028+00,2025-10-14 01:05:27.788028+00
ac0d37ca-101c-4d5e-8bf3-7b18ed40f27d,a3b12ed2-9440-40d9-9293-3c20e778dd74,42f47fc8-1503-4707-9b73-642aefe4cc6b,saida,Multas,2025-10-14 01:05:27.788028+00,2025-10-14 01:05:27.788028+00
a879a779-8bf2-495e-99ae-e1bc5625f3c6,a3b12ed2-9440-40d9-9293-3c20e778dd74,42f47fc8-1503-4707-9b73-642aefe4cc6b,saida,Lavagem,2025-10-14 01:05:27.788028+00,2025-10-14 01:05:27.788028+00
280f3c9e-6bf6-44ef-a7ee-8efffc69c652,a3b12ed2-9440-40d9-9293-3c20e778dd74,42f47fc8-1503-4707-9b73-642aefe4cc6b,saida,Pedágio,2025-10-14 01:05:27.788028+00,2025-10-14 01:05:27.788028+00
a0ae0a5a-cec7-48cb-aee0-5f97755f7727,a3b12ed2-9440-40d9-9293-3c20e778dd74,948cb2fd-2c60-4eb4-b9f3-1ba4603cdd7b,saida,Passagens,2025-10-14 01:05:47.013521+00,2025-10-14 01:05:47.013521+00
7bf3b40f-75a7-49f7-974d-7124c46c2c88,a3b12ed2-9440-40d9-9293-3c20e778dd74,948cb2fd-2c60-4eb4-b9f3-1ba4603cdd7b,saida,Hospedagem,2025-10-14 01:05:47.013521+00,2025-10-14 01:05:47.013521+00
78062fff-4d75-471d-a952-8b90cf2e2c6b,a3b12ed2-9440-40d9-9293-3c20e778dd74,948cb2fd-2c60-4eb4-b9f3-1ba4603cdd7b,saida,Alimentação,2025-10-14 01:05:47.013521+00,2025-10-14 01:05:47.013521+00
e1fd8c61-68cb-416a-92ab-3dae88d281d1,a3b12ed2-9440-40d9-9293-3c20e778dd74,948cb2fd-2c60-4eb4-b9f3-1ba4603cdd7b,saida,Passeios,2025-10-14 01:05:47.013521+00,2025-10-14 01:05:47.013521+00
97c784af-ecb5-4b7a-bd98-7380596ad5ad,a3b12ed2-9440-40d9-9293-3c20e778dd74,948cb2fd-2c60-4eb4-b9f3-1ba4603cdd7b,saida,Ingressos,2025-10-14 01:05:47.013521+00,2025-10-14 01:05:47.013521+00
69a1d536-0e05-4a14-959a-10bbd98e85ce,a3b12ed2-9440-40d9-9293-3c20e778dd74,948cb2fd-2c60-4eb4-b9f3-1ba4603cdd7b,saida,Souvenirs,2025-10-14 01:05:47.013521+00,2025-10-14 01:05:47.013521+00
019e3168-f8e8-4424-ad37-eca405c06f43,a3b12ed2-9440-40d9-9293-3c20e778dd74,948cb2fd-2c60-4eb4-b9f3-1ba4603cdd7b,saida,Transporte,2025-10-14 01:05:47.013521+00,2025-10-14 01:05:47.013521+00
3f1f8a9d-73df-447a-aa22-9a21ea9f8da6,a3b12ed2-9440-40d9-9293-3c20e778dd74,d4a8bdf9-d796-44dc-9498-553076c57748,saida,Roupas,2025-10-14 01:05:52.711236+00,2025-10-14 01:05:52.711236+00
382ad43c-0449-4a69-b116-f922d4e8f6de,a3b12ed2-9440-40d9-9293-3c20e778dd74,d4a8bdf9-d796-44dc-9498-553076c57748,saida,Eletrônicos,2025-10-14 01:05:52.711236+00,2025-10-14 01:05:52.711236+00
9a47a10e-696a-4635-8505-6b2c5e36d044,a3b12ed2-9440-40d9-9293-3c20e778dd74,d4a8bdf9-d796-44dc-9498-553076c57748,saida,Livros,2025-10-14 01:05:52.711236+00,2025-10-14 01:05:52.711236+00
91751be0-a931-4cb0-b773-b44e04132699,a3b12ed2-9440-40d9-9293-3c20e778dd74,d4a8bdf9-d796-44dc-9498-553076c57748,saida,Acessórios,2025-10-14 01:05:52.711236+00,2025-10-14 01:05:52.711236+00
9a66c785-4aa6-49d5-a034-6e60063abea9,a3b12ed2-9440-40d9-9293-3c20e778dd74,d4a8bdf9-d796-44dc-9498-553076c57748,saida,Presentes,2025-10-14 01:05:52.711236+00,2025-10-14 01:05:52.711236+00
8e04e2b9-8dd2-4c01-bfb8-063f9d4763a0,a3b12ed2-9440-40d9-9293-3c20e778dd74,d4a8bdf9-d796-44dc-9498-553076c57748,saida,Cosméticos,2025-10-14 01:05:52.711236+00,2025-10-14 01:05:52.711236+00
70531bd4-72f3-47ca-99f8-ed1cd2f82c45,a3b12ed2-9440-40d9-9293-3c20e778dd74,d4a8bdf9-d796-44dc-9498-553076c57748,saida,Farmácia,2025-10-14 01:05:52.711236+00,2025-10-14 01:05:52.711236+00
16cda22d-93a8-44e4-97cd-706a34795187,a3b12ed2-9440-40d9-9293-3c20e778dd74,d4a8bdf9-d796-44dc-9498-553076c57748,saida,Estética,2025-10-14 01:06:08.780733+00,2025-10-14 01:06:08.780733+00
bfcc4bfd-da6e-4b39-a0f7-56c1ab3e6fa1,a3b12ed2-9440-40d9-9293-3c20e778dd74,5fa8fd39-5c6b-4e0a-804f-1f6199c5fd1e,saida,Despesas Operacionais,2025-10-14 01:06:54.562019+00,2025-10-14 01:06:54.562019+00
93a68db7-0c30-48db-9ed9-b925c31999d1,a3b12ed2-9440-40d9-9293-3c20e778dd74,5fa8fd39-5c6b-4e0a-804f-1f6199c5fd1e,saida,Marketing,2025-10-14 01:06:54.562019+00,2025-10-14 01:06:54.562019+00
a7b2883a-b523-4513-8929-20a6b1f03a51,a3b12ed2-9440-40d9-9293-3c20e778dd74,5fa8fd39-5c6b-4e0a-804f-1f6199c5fd1e,saida,Fornecedores,2025-10-14 01:06:54.562019+00,2025-10-14 01:06:54.562019+00
83057f1f-ff15-471c-be3f-ad5e8ca1a9ee,a3b12ed2-9440-40d9-9293-3c20e778dd74,5fa8fd39-5c6b-4e0a-804f-1f6199c5fd1e,saida,Equipamentos,2025-10-14 01:06:54.562019+00,2025-10-14 01:06:54.562019+00
6af58fc4-cca3-4c0a-8a06-e2fb7b721872,a3b12ed2-9440-40d9-9293-3c20e778dd74,5fa8fd39-5c6b-4e0a-804f-1f6199c5fd1e,saida,Logística,2025-10-14 01:06:54.562019+00,2025-10-14 01:06:54.562019+00
3a88d40f-6e81-4f8d-b5ed-55759e2a2183,a3b12ed2-9440-40d9-9293-3c20e778dd74,5fa8fd39-5c6b-4e0a-804f-1f6199c5fd1e,saida,Taxas,2025-10-14 01:06:54.562019+00,2025-10-14 01:06:54.562019+00
4b41b1af-1f5d-4ace-a7ec-6a492ebce3a4,a3b12ed2-9440-40d9-9293-3c20e778dd74,5fa8fd39-5c6b-4e0a-804f-1f6199c5fd1e,entrada,Vendas Online,2025-10-14 01:07:29.413073+00,2025-10-14 01:07:29.413073+00
6a900238-0e26-4ff5-883e-3af42c1899c2,a3b12ed2-9440-40d9-9293-3c20e778dd74,5fa8fd39-5c6b-4e0a-804f-1f6199c5fd1e,entrada,Vendas Presenciais,2025-10-14 01:07:29.413073+00,2025-10-14 01:07:29.413073+00
26e4f963-fcca-4335-8a5a-a2e2f6d6b90c,a3b12ed2-9440-40d9-9293-3c20e778dd74,5fa8fd39-5c6b-4e0a-804f-1f6199c5fd1e,entrada,Parcerias,2025-10-14 01:07:29.413073+00,2025-10-14 01:07:29.413073+00
9013b0a2-570c-4ee6-8fc1-ca0f77d97cac,a3b12ed2-9440-40d9-9293-3c20e778dd74,5fa8fd39-5c6b-4e0a-804f-1f6199c5fd1e,entrada,Comissões,2025-10-14 01:07:29.413073+00,2025-10-14 01:07:29.413073+00
e30bdb24-f2eb-4370-9cdf-a2e0b889de08,a3b12ed2-9440-40d9-9293-3c20e778dd74,5fa8fd39-5c6b-4e0a-804f-1f6199c5fd1e,entrada,Patrocínios,2025-10-14 01:07:29.413073+00,2025-10-14 01:07:29.413073+00
e713dc83-5f85-473d-ab12-8d22d3f2f019,a3b12ed2-9440-40d9-9293-3c20e778dd74,5fa8fd39-5c6b-4e0a-804f-1f6199c5fd1e,entrada,Eventos,2025-10-14 01:07:29.413073+00,2025-10-14 01:07:29.413073+00
1fe16ef5-6f1f-4997-aeab-14e56d71b92d,a3b12ed2-9440-40d9-9293-3c20e778dd74,5fa8fd39-5c6b-4e0a-804f-1f6199c5fd1e,entrada,Pró-labore,2025-10-14 01:07:41.385103+00,2025-10-14 01:07:41.385103+00
19ccd277-ab0b-479c-b382-a7f630031a1b,a3b12ed2-9440-40d9-9293-3c20e778dd74,786da91f-5e21-488b-8e08-95f9d3e656a0,saida,Condomínio,2025-10-14 01:07:52.863481+00,2025-10-14 01:07:52.863481+00
a4da7bc0-e8b9-441d-a83a-edc265f1fa24,a3b12ed2-9440-40d9-9293-3c20e778dd74,786da91f-5e21-488b-8e08-95f9d3e656a0,saida,Aluguel,2025-10-14 01:07:52.863481+00,2025-10-14 01:07:52.863481+00
500e7aa7-0bd4-44b8-953f-82a416f4c264,a3b12ed2-9440-40d9-9293-3c20e778dd74,786da91f-5e21-488b-8e08-95f9d3e656a0,saida,Luz,2025-10-14 01:07:52.863481+00,2025-10-14 01:07:52.863481+00
53a53855-5861-4360-990a-8b1eb2b989d1,a3b12ed2-9440-40d9-9293-3c20e778dd74,786da91f-5e21-488b-8e08-95f9d3e656a0,saida,Água,2025-10-14 01:07:52.863481+00,2025-10-14 01:07:52.863481+00
aac9964e-d419-4119-9856-2f341cea885a,a3b12ed2-9440-40d9-9293-3c20e778dd74,786da91f-5e21-488b-8e08-95f9d3e656a0,saida,Internet,2025-10-14 01:07:52.863481+00,2025-10-14 01:07:52.863481+00
59b69ea0-7584-4b5f-bd2d-73e75fcaa418,a3b12ed2-9440-40d9-9293-3c20e778dd74,786da91f-5e21-488b-8e08-95f9d3e656a0,saida,Gás,2025-10-14 01:07:52.863481+00,2025-10-14 01:07:52.863481+00
a020f72d-fb9a-46bc-8b97-cd4e801d9f98,a3b12ed2-9440-40d9-9293-3c20e778dd74,786da91f-5e21-488b-8e08-95f9d3e656a0,saida,IPTU,2025-10-14 01:07:52.863481+00,2025-10-14 01:07:52.863481+00
29f0e2ba-dd3e-4f87-bca9-a2914558b097,a3b12ed2-9440-40d9-9293-3c20e778dd74,786da91f-5e21-488b-8e08-95f9d3e656a0,saida,Reformas,2025-10-14 01:07:52.863481+00,2025-10-14 01:07:52.863481+00
63e1a663-ea16-403a-a16a-55161c8d56da,a3b12ed2-9440-40d9-9293-3c20e778dd74,786da91f-5e21-488b-8e08-95f9d3e656a0,saida,Manutenção,2025-10-14 01:07:52.863481+00,2025-10-14 01:07:52.863481+00
dffc6b35-7b9f-415d-9a18-42224996288b,a3b12ed2-9440-40d9-9293-3c20e778dd74,786da91f-5e21-488b-8e08-95f9d3e656a0,saida,Móveis,2025-10-14 01:07:52.863481+00,2025-10-14 01:07:52.863481+00
7f809b47-99bc-4733-b866-882ad4813b34,a3b12ed2-9440-40d9-9293-3c20e778dd74,786da91f-5e21-488b-8e08-95f9d3e656a0,saida,Mercado mensal,2025-10-14 01:08:06.692764+00,2025-10-14 01:08:06.692764+00
6f1a1e0a-b640-4c54-bd28-68582dde16d3,a3b12ed2-9440-40d9-9293-3c20e778dd74,7869eb2b-eb82-438e-b28b-1db1540bd948,saida,Snacks,2025-10-14 01:21:47.248911+00,2025-10-14 01:21:47.248911+00
ad021a5b-a621-4764-9601-3bf8af5c6161,a3b12ed2-9440-40d9-9293-3c20e778dd74,b1acfd71-5320-4cc8-9aae-45664bcdb96e,entrada,Receitas de Serviços,2025-10-14 01:22:15.842848+00,2025-10-14 01:22:15.842848+00
3fecd1ac-4137-46bf-89ad-534e88b761ca,a3b12ed2-9440-40d9-9293-3c20e778dd74,b1acfd71-5320-4cc8-9aae-45664bcdb96e,entrada,Consultorias,2025-10-14 01:22:15.842848+00,2025-10-14 01:22:15.842848+00
7d6b3d70-6043-4ded-b47b-8c76e8345262,a3b12ed2-9440-40d9-9293-3c20e778dd74,b1acfd71-5320-4cc8-9aae-45664bcdb96e,entrada,Reembolsos,2025-10-14 01:22:15.842848+00,2025-10-14 01:22:15.842848+00
7ddcbe00-68e6-4340-b3e6-ef3f737723d9,a3b12ed2-9440-40d9-9293-3c20e778dd74,b1acfd71-5320-4cc8-9aae-45664bcdb96e,entrada,Venda de Equipamentos,2025-10-14 01:22:15.842848+00,2025-10-14 01:22:15.842848+00
97212e89-dfc2-464d-bdc5-cd1be25f4fb7,a3b12ed2-9440-40d9-9293-3c20e778dd74,b1acfd71-5320-4cc8-9aae-45664bcdb96e,entrada,AI,2025-10-14 01:22:15.842848+00,2025-10-14 01:22:15.842848+00
73f3ba07-45a7-484d-b1ca-a474dce13dfa,a3b12ed2-9440-40d9-9293-3c20e778dd74,b1acfd71-5320-4cc8-9aae-45664bcdb96e,saida,Cursos/formações,2025-10-14 01:22:54.911143+00,2025-10-14 01:22:54.911143+00
2f22aa7d-17b6-4573-80fa-7bd12712c406,a3b12ed2-9440-40d9-9293-3c20e778dd74,aa3b9d18-94aa-436f-b437-73af0d14aff9,saida,Fisioterapia,2025-10-14 01:04:58.748694+00,2025-10-14 01:23:40.650379+00
d1eb52aa-d2af-4a06-926a-d9e0437d33e4,a3b12ed2-9440-40d9-9293-3c20e778dd74,b1acfd71-5320-4cc8-9aae-45664bcdb96e,saida,Serviço de terceiro,2025-10-14 01:25:32.458397+00,2025-10-14 01:25:32.458397+00
42635546-c389-4047-99e8-5521bfb70af8,a3b12ed2-9440-40d9-9293-3c20e778dd74,d4a8bdf9-d796-44dc-9498-553076c57748,saida,Serviços pessoais,2025-10-14 01:26:15.690872+00,2025-10-14 01:26:15.690872+00
e0d3dd00-0366-4e64-9bbd-adf7bb955ad6,a3b12ed2-9440-40d9-9293-3c20e778dd74,b1acfd71-5320-4cc8-9aae-45664bcdb96e,saida,Cobranças,2025-10-14 01:27:15.589283+00,2025-10-14 01:27:15.589283+00
c5f52ad9-e681-45b3-8242-e5e24bf5bd8d,a3b12ed2-9440-40d9-9293-3c20e778dd74,786da91f-5e21-488b-8e08-95f9d3e656a0,entrada,Aluguel Recebido,2025-10-14 01:27:35.713021+00,2025-10-14 01:27:35.713021+00
3900c6a4-c28e-4c6c-98b2-98bf1b372805,a3b12ed2-9440-40d9-9293-3c20e778dd74,786da91f-5e21-488b-8e08-95f9d3e656a0,entrada,Venda de Móveis,2025-10-14 01:27:35.713021+00,2025-10-14 01:27:35.713021+00
22a1f42e-a606-41fd-93b6-d72f1b88d615,a3b12ed2-9440-40d9-9293-3c20e778dd74,786da91f-5e21-488b-8e08-95f9d3e656a0,entrada,Reembolso de Despesas,2025-10-14 01:27:35.713021+00,2025-10-14 01:27:35.713021+00
e1bc211b-dbb6-4c19-9f60-da180baf77f6,a3b12ed2-9440-40d9-9293-3c20e778dd74,786da91f-5e21-488b-8e08-95f9d3e656a0,entrada,Devolução de Caução,2025-10-14 01:27:35.713021+00,2025-10-14 01:27:35.713021+00
d8b1eae1-0613-448f-9c5f-261940779370,a3b12ed2-9440-40d9-9293-3c20e778dd74,aa3b9d18-94aa-436f-b437-73af0d14aff9,entrada,Prêmios,2025-10-14 01:27:44.690857+00,2025-10-14 01:27:44.690857+00
6bbfcda2-3b05-4893-bfdc-242fa6fa43e0,a3b12ed2-9440-40d9-9293-3c20e778dd74,aa3b9d18-94aa-436f-b437-73af0d14aff9,entrada,Patrocínios,2025-10-14 01:27:44.690857+00,2025-10-14 01:27:44.690857+00
3a215ed0-af9b-4276-96f5-fa6a77d625d7,a3b12ed2-9440-40d9-9293-3c20e778dd74,aa3b9d18-94aa-436f-b437-73af0d14aff9,entrada,Venda de Equipamentos,2025-10-14 01:27:44.690857+00,2025-10-14 01:27:44.690857+00
e8c20b55-9ecf-4512-81d3-65b9ada34111,a3b12ed2-9440-40d9-9293-3c20e778dd74,aa3b9d18-94aa-436f-b437-73af0d14aff9,entrada,Reembolsos,2025-10-14 01:27:44.690857+00,2025-10-14 01:27:44.690857+00
